-- phpMyAdmin SQL Dump
-- version 4.6.5.2
-- https://www.phpmyadmin.net/
--
-- Хост: 127.0.0.1:3306
-- Время создания: Фев 01 2018 г., 15:26
-- Версия сервера: 5.7.16
-- Версия PHP: 7.1.0

SET SQL_MODE = "NO_AUTO_VALUE_ON_ZERO";
SET time_zone = "+00:00";


/*!40101 SET @OLD_CHARACTER_SET_CLIENT=@@CHARACTER_SET_CLIENT */;
/*!40101 SET @OLD_CHARACTER_SET_RESULTS=@@CHARACTER_SET_RESULTS */;
/*!40101 SET @OLD_COLLATION_CONNECTION=@@COLLATION_CONNECTION */;
/*!40101 SET NAMES utf8mb4 */;

--
-- База данных: `super_mag`
--

-- --------------------------------------------------------

--
-- Структура таблицы `category`
--

CREATE TABLE `category` (
  `id` int(11) NOT NULL,
  `name` varchar(255) NOT NULL,
  `sort_order` int(11) NOT NULL DEFAULT '0',
  `status` int(11) NOT NULL DEFAULT '1'
) ENGINE=InnoDB DEFAULT CHARSET=utf8;

--
-- Дамп данных таблицы `category`
--

INSERT INTO `category` (`id`, `name`, `sort_order`, `status`) VALUES
(1, 'Рубашки', 1, 1),
(2, 'Платя', 5, 1),
(3, 'Футболки', 3, 1),
(4, 'Майки', 4, 1),
(5, 'Сумки', 2, 1),
(6, 'Чемодани', 6, 1),
(7, 'Брюки', 7, 1),
(8, 'Піджаки', 8, 1),
(9, 'Галстуки', 9, 1);

-- --------------------------------------------------------

--
-- Структура таблицы `product`
--

CREATE TABLE `product` (
  `id` int(11) NOT NULL,
  `name` varchar(255) NOT NULL,
  `category_id` int(11) NOT NULL,
  `code` int(11) NOT NULL,
  `price` float NOT NULL,
  `availability` int(11) NOT NULL,
  `brand` varchar(255) NOT NULL,
  `description` text NOT NULL,
  `image` varchar(123) NOT NULL,
  `is_new` int(11) NOT NULL DEFAULT '0',
  `is_recommended` int(11) NOT NULL DEFAULT '0',
  `status` int(11) NOT NULL DEFAULT '1'
) ENGINE=InnoDB DEFAULT CHARSET=utf8;

--
-- Дамп данных таблицы `product`
--

INSERT INTO `product` (`id`, `name`, `category_id`, `code`, `price`, `availability`, `brand`, `description`, `image`, `is_new`, `is_recommended`, `status`) VALUES
(1, 'Piazza 69244 52 p Yellow', 1, 69244, 299, 2, 'Piazza', 'Piazzavery good thing.', 'product1.jpg', 0, 0, 1),
(2, 'Piazza 77752 p Oil', 1, 77752, 788, 0, 'Piazza Italy', 'Экран 11.6” (1366x768) HD LED, матовый / Intel Celeron N2840 (2.16 ГГц) / RAM 2 ГБ / eMMC 32 ГБ / Intel HD Graphics / без ОД / Wi-Fi / Bluetooth / веб-камера / Windows 8.1 + MS Office 365 / 1.28 кг / синий', 'product2.jpg', 1, 1, 1),
(3, 'G-Start Rav 51030E 5683 29-32 p Blue', 1, 5683, 1299, 1, 'G-Start Rav', 'Экран 11.6\" (1366x768) HD LED, глянцевый / Intel Celeron N2840 (2.16 ГГц) / RAM 2 ГБ / HDD 500 ГБ / Intel HD Graphics / без ОД / Bluetooth 4.0 / Wi-Fi / LAN / веб-камера / без ОС / 1.24 кг / белый', 'product3.jpg', 0, 1, 1),
(4, 'G-Start Rav 444123 RED', 3, 444123, 1050, 1, 'G-Start Rav', 'Экран 11.6\'\' (1366x768) HD LED, матовый / Intel Celeron N2840 (2.16 ГГц) / RAM 2 ГБ / HDD 500 ГБ / Intel HD Graphics / без ОД / LAN / Wi-Fi / Bluetooth / веб-камера / Linpus / 1.29 кг / серебристый', 'product4.jpg', 0, 1, 1),
(5, 'Piazza Italy red 333', 3, 333, 800, 1, 'Piazza Italy', 'Экран 11.6\'\' (1366x768) HD LED, матовый / Intel Celeron N2840 (2.16 ГГц) / RAM 2 ГБ / HDD 500 ГБ / Intel HD Graphics / без ОД / LAN / Wi-Fi / Bluetooth 4.0 / веб-камера / Linpus / 1.32 кг / черный', 'product5.jpg', 0, 0, 1),
(6, 'Piazza Italy 444 Light-red', 3, 444, 370, 0, 'Piazza Italy', 'Экран 10.1\" (1366x768) HD LED, сенсорный, глянцевый / Intel Celeron N2830 (2.16 ГГц) / RAM 2 ГБ / HDD 500 ГБ / Intel HD Graphics / без ОД / Wi-Fi / Bluetooth / веб-камера / Windows 8.1 / 1.2 кг / черный', 'product6.jpg', 0, 0, 1),
(7, 'Adidas 	\n2028367 black', 1, 2028367, 430, 1, 'Adidas', 'Экран 17.3\" (1600х900) HD+ LED, глянцевый / Intel Pentium N3540 (2.16 - 2.66 ГГц) / RAM 4 ГБ / HDD 1 ТБ / Intel HD Graphics / DVD Super Multi / LAN / Wi-Fi / Bluetooth 4.0 / веб-камера / DOS / 2.6 кг / белый', 'recommend1.jpg', 0, 1, 1),
(8, 'NIke 1129365 all', 1, 1129365, 780, 1, 'NIke', 'Samsung Galaxy Tab S создан для того, чтобы сделать вашу жизнь лучше. Наслаждайтесь своим контентом с покрытием 94% цветов Adobe RGB и 100000:1 уровнем контрастности, который обеспечивается sAmoled экраном с функцией оптимизации под отображаемое изображение и окружение. Яркий 10.5” экран в ультратонком корпусе весом 467 г порадует вас высоким уровнем портативности. Работа станет проще вместе с Hancom Office и удаленным доступом к вашему ПК. E-Meeting и WebEx – отличные помощники для проведения встреч, когда вы находитесь вне офиса. Надежно храните ваши данные благодаря сканеру отпечатка пальцев.', 'recommend2.jpg', 1, 1, 1),
(9, 'BM 1128670 all p', 1, 1128670, 640, 1, 'BM', 'Экран 8.4\" Super AMOLED (2560x1600) емкостный Multi-Touch / Samsung Exynos 5420 (1.9 ГГц + 1.3 ГГц) / RAM 3 ГБ / 16 ГБ встроенной памяти + поддержка карт памяти microSD / Bluetooth 4.0 / Wi-Fi 802.11 a/b/g/n/ac / основная камера 8 Мп, фронтальная 2.1 Мп / GPS / ГЛОНАСС / Android 4.4.2 (KitKat) / 294 г / белый', 'recommend1.jpg', 0, 0, 1),
(10, 'Gazer Tegra Note 7', 6, 683364, 210, 1, 'Gazer', 'Экран 7\" IPS (1280x800) емкостный Multi-Touch / NVIDIA Tegra 4 (1.8 ГГц) / RAM 1 ГБ / 16 ГБ встроенной памяти + поддержка карт памяти microSD / Wi-Fi / Bluetooth 4.0 / основная камера 5 Мп, фронтальная - 0.3 Мп / GPS / ГЛОНАСС / Android 4.4.2 (KitKat) / вес 320 г', 'product3.jpg', 0, 0, 1),
(11, 'reebok 123123 all', 1, 123123, 175, 1, 'reebok', 'С расширением Full HD Вы сможете рассмотреть мельчайшие детали. Dell E2314H предоставит Вам резкое и четкое изображение, с которым любая работа будет в удовольствие. Full HD 1920 x 1080 при 60 Гц разрешение (макс.)', 'girl2.jpg', 0, 0, 1),
(12, 'Suit Everest 13131 all p ', 1, 13131, 1320, 1, 'Everest', 'Everest Game 9085 — это компьютеры премимум класса, собранные на базе эксклюзивных компонентов, тщательно подобранных и протестированных лучшими специалистами нашей компании. Это топовый сегмент систем, который отвечает наилучшим характеристикам показателей качества и производительности.', 'girl1.jpg', 0, 0, 1);

-- --------------------------------------------------------

--
-- Структура таблицы `product_order`
--

CREATE TABLE `product_order` (
  `id` int(11) NOT NULL,
  `user_name` varchar(122) NOT NULL,
  `user_phone` varchar(111) NOT NULL,
  `user_comment` text NOT NULL,
  `user_id` int(11) DEFAULT NULL,
  `date` timestamp NOT NULL DEFAULT CURRENT_TIMESTAMP,
  `products` text NOT NULL,
  `status` int(11) NOT NULL DEFAULT '1'
) ENGINE=InnoDB DEFAULT CHARSET=utf8;

--
-- Дамп данных таблицы `product_order`
--

INSERT INTO `product_order` (`id`, `user_name`, `user_phone`, `user_comment`, `user_id`, `date`, `products`, `status`) VALUES
(2, 'kos777', '1234567890', 'coool', 2, '2018-01-31 14:15:50', '{\"11\":1,\"9\":2,\"12\":1}', 1),
(3, 'ilonka13', '11313131313131313', '', 0, '2018-01-31 14:19:47', '{\"12\":1,\"11\":1}', 1);

-- --------------------------------------------------------

--
-- Структура таблицы `user`
--

CREATE TABLE `user` (
  `id` int(11) NOT NULL,
  `name` varchar(122) NOT NULL,
  `email` varchar(111) NOT NULL,
  `password` varchar(111) NOT NULL
) ENGINE=InnoDB DEFAULT CHARSET=utf8;

--
-- Дамп данных таблицы `user`
--

INSERT INTO `user` (`id`, `name`, `email`, `password`) VALUES
(1, 'ilona', 'ilona@gmail.com', '123456'),
(2, 'kos777', '777koc@gmail.com', '123456'),
(3, 'kosmos', 'kosmos@mail.ua', '123456');

--
-- Индексы сохранённых таблиц
--

--
-- Индексы таблицы `category`
--
ALTER TABLE `category`
  ADD PRIMARY KEY (`id`);

--
-- Индексы таблицы `product`
--
ALTER TABLE `product`
  ADD PRIMARY KEY (`id`);

--
-- Индексы таблицы `product_order`
--
ALTER TABLE `product_order`
  ADD PRIMARY KEY (`id`);

--
-- Индексы таблицы `user`
--
ALTER TABLE `user`
  ADD PRIMARY KEY (`id`);

--
-- AUTO_INCREMENT для сохранённых таблиц
--

--
-- AUTO_INCREMENT для таблицы `category`
--
ALTER TABLE `category`
  MODIFY `id` int(11) NOT NULL AUTO_INCREMENT, AUTO_INCREMENT=10;
--
-- AUTO_INCREMENT для таблицы `product`
--
ALTER TABLE `product`
  MODIFY `id` int(11) NOT NULL AUTO_INCREMENT, AUTO_INCREMENT=13;
--
-- AUTO_INCREMENT для таблицы `product_order`
--
ALTER TABLE `product_order`
  MODIFY `id` int(11) NOT NULL AUTO_INCREMENT, AUTO_INCREMENT=4;
--
-- AUTO_INCREMENT для таблицы `user`
--
ALTER TABLE `user`
  MODIFY `id` int(11) NOT NULL AUTO_INCREMENT, AUTO_INCREMENT=4;
/*!40101 SET CHARACTER_SET_CLIENT=@OLD_CHARACTER_SET_CLIENT */;
/*!40101 SET CHARACTER_SET_RESULTS=@OLD_CHARACTER_SET_RESULTS */;
/*!40101 SET COLLATION_CONNECTION=@OLD_COLLATION_CONNECTION */;
